{"is_source_file": true, "format": "md", "description": ".md file: README.md", "external_files": [], "external_methods": [], "published": [], "classes": [], "methods": [], "calls": [], "search-terms": ["README.md", "md"], "state": 2, "filename": "README.md", "format-version": 4, "code-base-name": "https://github.com/kavia-common/simple-task-manager-6264-6273.git:kavia-main", "knowledge_revision": 3, "git_revision": "cbf17db0f3b6b966086f93f24d2587e2399096d5", "revision_history": [{"3": "cbf17db0f3b6b966086f93f24d2587e2399096d5"}]}